-- phpMyAdmin SQL Dump
-- version 4.9.0.1
-- https://www.phpmyadmin.net/
--
-- Host: localhost
-- Generation Time: Nov 01, 2019 at 05:56 AM
-- Server version: 10.4.6-MariaDB
-- PHP Version: 7.1.32

SET SQL_MODE = "NO_AUTO_VALUE_ON_ZERO";
SET AUTOCOMMIT = 0;
START TRANSACTION;
SET time_zone = "+00:00";


/*!40101 SET @OLD_CHARACTER_SET_CLIENT=@@CHARACTER_SET_CLIENT */;
/*!40101 SET @OLD_CHARACTER_SET_RESULTS=@@CHARACTER_SET_RESULTS */;
/*!40101 SET @OLD_COLLATION_CONNECTION=@@COLLATION_CONNECTION */;
/*!40101 SET NAMES utf8mb4 */;

--
-- Database: `cw_1`
--

-- --------------------------------------------------------

--
-- Table structure for table `ci_sessions`
--

CREATE TABLE `ci_sessions` (
  `id` varchar(40) NOT NULL,
  `ip_address` varchar(45) NOT NULL,
  `timestamp` int(10) UNSIGNED NOT NULL DEFAULT 0,
  `data` blob NOT NULL
) ENGINE=InnoDB DEFAULT CHARSET=latin1;

--
-- Dumping data for table `ci_sessions`
--

INSERT INTO `ci_sessions` (`id`, `ip_address`, `timestamp`, `data`) VALUES
('03ae42d9c44b0e29d607dd0f4def2e60cd6176e6', '127.0.0.1', 1572460592, 0x5f5f63695f6c6173745f726567656e65726174657c693a313537323436303539323b75736572646174617c613a363a7b733a383a22757365726e616d65223b733a31333a22676f777468616d693132333435223b733a393a2266697273746e616d65223b733a383a22676f777468616d69223b733a383a226c6173746e616d65223b733a31313a22726173616e61796167616d223b733a383a22696d61676555524c223b733a3131333a2268747470733a2f2f696d616765732e756e73706c6173682e636f6d2f70686f746f2d313439393031383635383530302d6232316337326437313732623f69786c69623d72622d312e322e3126697869643d65794a6863484266615751694f6a45794d44643926773d3130303026713d3830223b733a333a22646f62223b733a31303a22313939302d30332d3237223b733a393a226c6f676765645f696e223b623a313b7d),
('06624994cd140dca02362435fadffcc3d5cc903c', '127.0.0.1', 1572465712, 0x5f5f63695f6c6173745f726567656e65726174657c693a313537323436353731323b),
('068ee5e7da55b6005a494c722c9ade5c0552f8e1', '127.0.0.1', 1572464418, 0x5f5f63695f6c6173745f726567656e65726174657c693a313537323436343431383b75736572646174617c613a363a7b733a383a22757365726e616d65223b733a31333a22676f777468616d693132333435223b733a393a2266697273746e616d65223b733a383a22676f777468616d69223b733a383a226c6173746e616d65223b733a31313a22726173616e61796167616d223b733a383a22696d61676555524c223b733a3131333a2268747470733a2f2f696d616765732e756e73706c6173682e636f6d2f70686f746f2d313439393031383635383530302d6232316337326437313732623f69786c69623d72622d312e322e3126697869643d65794a6863484266615751694f6a45794d44643926773d3130303026713d3830223b733a333a22646f62223b733a31303a22313939302d30332d3237223b733a393a226c6f676765645f696e223b623a313b7d),
('14632301f52a116233ea9ff4a574ea230032fa4f', '127.0.0.1', 1572513955, 0x5f5f63695f6c6173745f726567656e65726174657c693a313537323531333935353b75736572646174617c613a363a7b733a383a22757365726e616d65223b733a393a22536861695f32343236223b733a393a2266697273746e616d65223b733a343a2253686169223b733a383a226c6173746e616d65223b733a333a2252616d223b733a383a22696d61676555524c223b733a35393a2268747470733a2f2f61766174617273332e67697468756275736572636f6e74656e742e636f6d2f752f33323330313430373f733d34363026763d34223b733a333a22646f62223b733a31303a22313939302d30332d3237223b733a393a226c6f676765645f696e223b623a313b7d),
('1d4ad60a1e3625c8bfc2d238931daead6c507468', '127.0.0.1', 1572583111, 0x5f5f63695f6c6173745f726567656e65726174657c693a313537323538333131313b),
('2311c35fe6376434d9b240325f981c8ef5b464fe', '127.0.0.1', 1572458828, 0x5f5f63695f6c6173745f726567656e65726174657c693a313537323435383832383b),
('27de33c339332a00c90fe410c5db7d002c3be820', '127.0.0.1', 1572583475, 0x5f5f63695f6c6173745f726567656e65726174657c693a313537323538333437353b75736572646174617c613a363a7b733a383a22757365726e616d65223b733a31333a22676f777468616d693132333435223b733a393a2266697273746e616d65223b733a383a22676f777468616d69223b733a383a226c6173746e616d65223b733a31313a22726173616e61796167616d223b733a383a22696d61676555524c223b733a3131333a2268747470733a2f2f696d616765732e756e73706c6173682e636f6d2f70686f746f2d313439393031383635383530302d6232316337326437313732623f69786c69623d72622d312e322e3126697869643d65794a6863484266615751694f6a45794d44643926773d3130303026713d3830223b733a333a22646f62223b733a31303a22313939302d30332d3237223b733a393a226c6f676765645f696e223b623a313b7d),
('353f7dcd88954323e0e8dc342160fc27da41aa3a', '127.0.0.1', 1572467124, 0x5f5f63695f6c6173745f726567656e65726174657c693a313537323436373132343b75736572646174617c613a363a7b733a383a22757365726e616d65223b733a393a22536861695f32343236223b733a393a2266697273746e616d65223b733a343a2253686169223b733a383a226c6173746e616d65223b733a333a2252616d223b733a383a22696d61676555524c223b733a35393a2268747470733a2f2f61766174617273332e67697468756275736572636f6e74656e742e636f6d2f752f33323330313430373f733d34363026763d34223b733a333a22646f62223b733a31303a22313939302d30332d3237223b733a393a226c6f676765645f696e223b623a313b7d),
('394a3c6cfd7d8048e6a14ca152db8cd96ab84c90', '127.0.0.1', 1572460037, 0x5f5f63695f6c6173745f726567656e65726174657c693a313537323436303033373b75736572646174617c613a363a7b733a383a22757365726e616d65223b733a31333a22676f777468616d693132333435223b733a393a2266697273746e616d65223b733a383a22676f777468616d69223b733a383a226c6173746e616d65223b733a31313a22726173616e61796167616d223b733a383a22696d61676555524c223b733a3131333a2268747470733a2f2f696d616765732e756e73706c6173682e636f6d2f70686f746f2d313439393031383635383530302d6232316337326437313732623f69786c69623d72622d312e322e3126697869643d65794a6863484266615751694f6a45794d44643926773d3130303026713d3830223b733a333a22646f62223b733a31303a22313939302d30332d3237223b733a393a226c6f676765645f696e223b623a313b7d),
('3ee66d0c432cea654dee65888002af519c5c4d7e', '127.0.0.1', 1572529382, 0x5f5f63695f6c6173745f726567656e65726174657c693a313537323532393338323b75736572646174617c613a363a7b733a383a22757365726e616d65223b733a31333a22676f777468616d693132333435223b733a393a2266697273746e616d65223b733a383a22676f777468616d69223b733a383a226c6173746e616d65223b733a31313a22726173616e61796167616d223b733a383a22696d61676555524c223b733a3131333a2268747470733a2f2f696d616765732e756e73706c6173682e636f6d2f70686f746f2d313439393031383635383530302d6232316337326437313732623f69786c69623d72622d312e322e3126697869643d65794a6863484266615751694f6a45794d44643926773d3130303026713d3830223b733a333a22646f62223b733a31303a22313939302d30332d3237223b733a393a226c6f676765645f696e223b623a313b7d),
('4cd16f2b67a6b03ab8f4d2db1579666aaf431567', '127.0.0.1', 1572519908, 0x5f5f63695f6c6173745f726567656e65726174657c693a313537323531393930383b75736572646174617c613a363a7b733a383a22757365726e616d65223b733a393a22536861695f32343236223b733a393a2266697273746e616d65223b733a343a2253686169223b733a383a226c6173746e616d65223b733a333a2252616d223b733a383a22696d61676555524c223b733a35393a2268747470733a2f2f61766174617273332e67697468756275736572636f6e74656e742e636f6d2f752f33323330313430373f733d34363026763d34223b733a333a22646f62223b733a31303a22313939302d30332d3237223b733a393a226c6f676765645f696e223b623a313b7d),
('4f7374ac24943ccbefaf6359de030afade126985', '127.0.0.1', 1572529726, 0x5f5f63695f6c6173745f726567656e65726174657c693a313537323532393732363b75736572646174617c613a363a7b733a383a22757365726e616d65223b733a31333a22676f777468616d693132333435223b733a393a2266697273746e616d65223b733a383a22676f777468616d69223b733a383a226c6173746e616d65223b733a31313a22726173616e61796167616d223b733a383a22696d61676555524c223b733a3131333a2268747470733a2f2f696d616765732e756e73706c6173682e636f6d2f70686f746f2d313439393031383635383530302d6232316337326437313732623f69786c69623d72622d312e322e3126697869643d65794a6863484266615751694f6a45794d44643926773d3130303026713d3830223b733a333a22646f62223b733a31303a22313939302d30332d3237223b733a393a226c6f676765645f696e223b623a313b7d),
('5b407f21597fe61abfcdbf123528b3beffa32386', '127.0.0.1', 1572514525, 0x5f5f63695f6c6173745f726567656e65726174657c693a313537323531343532353b75736572646174617c613a363a7b733a383a22757365726e616d65223b733a393a22536861695f32343236223b733a393a2266697273746e616d65223b733a343a2253686169223b733a383a226c6173746e616d65223b733a333a2252616d223b733a383a22696d61676555524c223b733a35393a2268747470733a2f2f61766174617273332e67697468756275736572636f6e74656e742e636f6d2f752f33323330313430373f733d34363026763d34223b733a333a22646f62223b733a31303a22313939302d30332d3237223b733a393a226c6f676765645f696e223b623a313b7d),
('5c1940e9fef832ad09e4e590f9df395708f0fce1', '127.0.0.1', 1572467765, 0x5f5f63695f6c6173745f726567656e65726174657c693a313537323436373736353b75736572646174617c613a363a7b733a383a22757365726e616d65223b733a393a22536861695f32343236223b733a393a2266697273746e616d65223b733a343a2253686169223b733a383a226c6173746e616d65223b733a333a2252616d223b733a383a22696d61676555524c223b733a35393a2268747470733a2f2f61766174617273332e67697468756275736572636f6e74656e742e636f6d2f752f33323330313430373f733d34363026763d34223b733a333a22646f62223b733a31303a22313939302d30332d3237223b733a393a226c6f676765645f696e223b623a313b7d),
('5cbcb13dd55c71a0b369e8c20c7e0ec8c90a0d79', '127.0.0.1', 1572464719, 0x5f5f63695f6c6173745f726567656e65726174657c693a313537323436343731393b75736572646174617c613a363a7b733a383a22757365726e616d65223b733a31333a22676f777468616d693132333435223b733a393a2266697273746e616d65223b733a383a22676f777468616d69223b733a383a226c6173746e616d65223b733a31313a22726173616e61796167616d223b733a383a22696d61676555524c223b733a3131333a2268747470733a2f2f696d616765732e756e73706c6173682e636f6d2f70686f746f2d313439393031383635383530302d6232316337326437313732623f69786c69623d72622d312e322e3126697869643d65794a6863484266615751694f6a45794d44643926773d3130303026713d3830223b733a333a22646f62223b733a31303a22313939302d30332d3237223b733a393a226c6f676765645f696e223b623a313b7d),
('78050b5bd85ecd671a6407b333fc6b30121190cf', '127.0.0.1', 1572466035, 0x5f5f63695f6c6173745f726567656e65726174657c693a313537323436363033353b),
('80960a004bda52b3ca42e56ca3d3a235fe1d9098', '127.0.0.1', 1572458771, 0x5f5f63695f6c6173745f726567656e65726174657c693a313537323435383737313b),
('80d49b72f8cfefd197ac856fc4d4896fe60e534f', '127.0.0.1', 1572528005, 0x5f5f63695f6c6173745f726567656e65726174657c693a313537323532383030353b75736572646174617c613a363a7b733a383a22757365726e616d65223b733a31333a22676f777468616d693132333435223b733a393a2266697273746e616d65223b733a383a22676f777468616d69223b733a383a226c6173746e616d65223b733a31313a22726173616e61796167616d223b733a383a22696d61676555524c223b733a3131333a2268747470733a2f2f696d616765732e756e73706c6173682e636f6d2f70686f746f2d313439393031383635383530302d6232316337326437313732623f69786c69623d72622d312e322e3126697869643d65794a6863484266615751694f6a45794d44643926773d3130303026713d3830223b733a333a22646f62223b733a31303a22313939302d30332d3237223b733a393a226c6f676765645f696e223b623a313b7d),
('8831ac1602a039745c781d4f541e663d8d0e243d', '127.0.0.1', 1572583809, 0x5f5f63695f6c6173745f726567656e65726174657c693a313537323538333830393b75736572646174617c613a363a7b733a383a22757365726e616d65223b733a31333a22676f777468616d693132333435223b733a393a2266697273746e616d65223b733a383a22676f777468616d69223b733a383a226c6173746e616d65223b733a31313a22726173616e61796167616d223b733a383a22696d61676555524c223b733a3131333a2268747470733a2f2f696d616765732e756e73706c6173682e636f6d2f70686f746f2d313439393031383635383530302d6232316337326437313732623f69786c69623d72622d312e322e3126697869643d65794a6863484266615751694f6a45794d44643926773d3130303026713d3830223b733a333a22646f62223b733a31303a22313939302d30332d3237223b733a393a226c6f676765645f696e223b623a313b7d),
('96007e7bd4757f21db5f1a57513627cc5365878b', '127.0.0.1', 1572514478, 0x5f5f63695f6c6173745f726567656e65726174657c693a313537323531343437383b),
('96c7c27f4225f05f2caf6108dea6b5b73dba9cf2', '127.0.0.1', 1572467461, 0x5f5f63695f6c6173745f726567656e65726174657c693a313537323436373436313b75736572646174617c613a363a7b733a383a22757365726e616d65223b733a393a22536861695f32343236223b733a393a2266697273746e616d65223b733a343a2253686169223b733a383a226c6173746e616d65223b733a333a2252616d223b733a383a22696d61676555524c223b733a35393a2268747470733a2f2f61766174617273332e67697468756275736572636f6e74656e742e636f6d2f752f33323330313430373f733d34363026763d34223b733a333a22646f62223b733a31303a22313939302d30332d3237223b733a393a226c6f676765645f696e223b623a313b7d),
('9f4471e86eb63d253f88707a128ccf9408e581e6', '127.0.0.1', 1572513014, 0x5f5f63695f6c6173745f726567656e65726174657c693a313537323531333031343b75736572646174617c613a363a7b733a383a22757365726e616d65223b733a393a22536861695f32343236223b733a393a2266697273746e616d65223b733a343a2253686169223b733a383a226c6173746e616d65223b733a333a2252616d223b733a383a22696d61676555524c223b733a35393a2268747470733a2f2f61766174617273332e67697468756275736572636f6e74656e742e636f6d2f752f33323330313430373f733d34363026763d34223b733a333a22646f62223b733a31303a22313939302d30332d3237223b733a393a226c6f676765645f696e223b623a313b7d),
('a03715ec2443320fa600576fd7b405aae9666b9f', '127.0.0.1', 1572467898, 0x5f5f63695f6c6173745f726567656e65726174657c693a313537323436373736353b75736572646174617c613a363a7b733a383a22757365726e616d65223b733a393a22536861695f32343236223b733a393a2266697273746e616d65223b733a343a2253686169223b733a383a226c6173746e616d65223b733a333a2252616d223b733a383a22696d61676555524c223b733a35393a2268747470733a2f2f61766174617273332e67697468756275736572636f6e74656e742e636f6d2f752f33323330313430373f733d34363026763d34223b733a333a22646f62223b733a31303a22313939302d30332d3237223b733a393a226c6f676765645f696e223b623a313b7d),
('a14d77d8572acb7baafc56f3c110244f353f750b', '127.0.0.1', 1572528550, 0x5f5f63695f6c6173745f726567656e65726174657c693a313537323532383535303b75736572646174617c613a363a7b733a383a22757365726e616d65223b733a31333a22676f777468616d693132333435223b733a393a2266697273746e616d65223b733a383a22676f777468616d69223b733a383a226c6173746e616d65223b733a31313a22726173616e61796167616d223b733a383a22696d61676555524c223b733a3131333a2268747470733a2f2f696d616765732e756e73706c6173682e636f6d2f70686f746f2d313439393031383635383530302d6232316337326437313732623f69786c69623d72622d312e322e3126697869643d65794a6863484266615751694f6a45794d44643926773d3130303026713d3830223b733a333a22646f62223b733a31303a22313939302d30332d3237223b733a393a226c6f676765645f696e223b623a313b7d),
('b5b17deefa85f2b6b9bb180d1d9de5a6f2244f3a', '127.0.0.1', 1572521728, 0x5f5f63695f6c6173745f726567656e65726174657c693a313537323532313732383b75736572646174617c613a363a7b733a383a22757365726e616d65223b733a393a22536861695f32343236223b733a393a2266697273746e616d65223b733a343a2253686169223b733a383a226c6173746e616d65223b733a333a2252616d223b733a383a22696d61676555524c223b733a35393a2268747470733a2f2f61766174617273332e67697468756275736572636f6e74656e742e636f6d2f752f33323330313430373f733d34363026763d34223b733a333a22646f62223b733a31303a22313939302d30332d3237223b733a393a226c6f676765645f696e223b623a313b7d),
('be84fc8609750e809364cd3218672cd91cd2f981', '127.0.0.1', 1572459407, 0x5f5f63695f6c6173745f726567656e65726174657c693a313537323435393430373b75736572646174617c613a363a7b733a383a22757365726e616d65223b733a31333a22676f777468616d693132333435223b733a393a2266697273746e616d65223b733a383a22676f777468616d69223b733a383a226c6173746e616d65223b733a31313a22726173616e61796167616d223b733a383a22696d61676555524c223b733a3131333a2268747470733a2f2f696d616765732e756e73706c6173682e636f6d2f70686f746f2d313439393031383635383530302d6232316337326437313732623f69786c69623d72622d312e322e3126697869643d65794a6863484266615751694f6a45794d44643926773d3130303026713d3830223b733a333a22646f62223b733a31303a22313939302d30332d3237223b733a393a226c6f676765645f696e223b623a313b7d),
('c51f0bdab66abfb73de906c8d3a528c920fca120', '127.0.0.1', 1572512273, 0x5f5f63695f6c6173745f726567656e65726174657c693a313537323531323237333b),
('c7b407c3d5b98a1db6e722848a5a4a52c457f322', '127.0.0.1', 1572527329, 0x5f5f63695f6c6173745f726567656e65726174657c693a313537323532373332393b),
('d1238a968827722d8b2d03c37ce013a7b0305572', '127.0.0.1', 1572512407, 0x5f5f63695f6c6173745f726567656e65726174657c693a313537323531323430373b),
('d76be8998ec1fb1de31977a1326b13915afed813', '127.0.0.1', 1572466583, 0x5f5f63695f6c6173745f726567656e65726174657c693a313537323436363538333b75736572646174617c613a363a7b733a383a22757365726e616d65223b733a393a22536861695f32343236223b733a393a2266697273746e616d65223b733a343a2253686169223b733a383a226c6173746e616d65223b733a333a2252616d223b733a383a22696d61676555524c223b733a35393a2268747470733a2f2f61766174617273332e67697468756275736572636f6e74656e742e636f6d2f752f33323330313430373f733d34363026763d34223b733a333a22646f62223b733a31303a22313939302d30332d3237223b733a393a226c6f676765645f696e223b623a313b7d),
('e8e5056a1ae13cd18435da9ad5d5062b86a70ec6', '127.0.0.1', 1572513401, 0x5f5f63695f6c6173745f726567656e65726174657c693a313537323531333430313b75736572646174617c613a363a7b733a383a22757365726e616d65223b733a393a22536861695f32343236223b733a393a2266697273746e616d65223b733a343a2253686169223b733a383a226c6173746e616d65223b733a333a2252616d223b733a383a22696d61676555524c223b733a35393a2268747470733a2f2f61766174617273332e67697468756275736572636f6e74656e742e636f6d2f752f33323330313430373f733d34363026763d34223b733a333a22646f62223b733a31303a22313939302d30332d3237223b733a393a226c6f676765645f696e223b623a313b7d),
('ebfca51be21a006dfd686e4707d74c5201c73821', '127.0.0.1', 1572519256, 0x5f5f63695f6c6173745f726567656e65726174657c693a313537323531393235363b75736572646174617c613a363a7b733a383a22757365726e616d65223b733a393a22536861695f32343236223b733a393a2266697273746e616d65223b733a343a2253686169223b733a383a226c6173746e616d65223b733a333a2252616d223b733a383a22696d61676555524c223b733a35393a2268747470733a2f2f61766174617273332e67697468756275736572636f6e74656e742e636f6d2f752f33323330313430373f733d34363026763d34223b733a333a22646f62223b733a31303a22313939302d30332d3237223b733a393a226c6f676765645f696e223b623a313b7d),
('ee42d945587328b09acdf39abcbd21b2c37e95cb', '127.0.0.1', 1572522410, 0x5f5f63695f6c6173745f726567656e65726174657c693a313537323532323431303b),
('f5108d061e0aed763d9bda4dad55d1fde4050ac1', '127.0.0.1', 1572459715, 0x5f5f63695f6c6173745f726567656e65726174657c693a313537323435393731353b75736572646174617c613a363a7b733a383a22757365726e616d65223b733a31333a22676f777468616d693132333435223b733a393a2266697273746e616d65223b733a383a22676f777468616d69223b733a383a226c6173746e616d65223b733a31313a22726173616e61796167616d223b733a383a22696d61676555524c223b733a3131333a2268747470733a2f2f696d616765732e756e73706c6173682e636f6d2f70686f746f2d313439393031383635383530302d6232316337326437313732623f69786c69623d72622d312e322e3126697869643d65794a6863484266615751694f6a45794d44643926773d3130303026713d3830223b733a333a22646f62223b733a31303a22313939302d30332d3237223b733a393a226c6f676765645f696e223b623a313b7d),
('f9066e795b838e911b8c158d34fa4d7e7901c478', '127.0.0.1', 1572512467, 0x5f5f63695f6c6173745f726567656e65726174657c693a313537323531323430373b),
('fae863a656c37224586c9d8942fa4dfa865e4841', '127.0.0.1', 1572523081, 0x5f5f63695f6c6173745f726567656e65726174657c693a313537323532333038313b),
('fb3a2e6c645e23cf414f42190c5000eb1ec1d849', '127.0.0.1', 1572584144, 0x5f5f63695f6c6173745f726567656e65726174657c693a313537323538343132373b75736572646174617c613a363a7b733a383a22757365726e616d65223b733a393a22536861695f32343236223b733a393a2266697273746e616d65223b733a343a2253686169223b733a383a226c6173746e616d65223b733a333a2252616d223b733a383a22696d61676555524c223b733a35393a2268747470733a2f2f61766174617273332e67697468756275736572636f6e74656e742e636f6d2f752f33323330313430373f733d34363026763d34223b733a333a22646f62223b733a31303a22313939302d30332d3237223b733a393a226c6f676765645f696e223b623a313b7d),
('fb7d34ae5a3d239ed25188ac779fc5bd1aa705fd', '127.0.0.1', 1572529749, 0x5f5f63695f6c6173745f726567656e65726174657c693a313537323532393733353b75736572646174617c613a363a7b733a383a22757365726e616d65223b733a393a22536861695f32343236223b733a393a2266697273746e616d65223b733a343a2253686169223b733a383a226c6173746e616d65223b733a333a2252616d223b733a383a22696d61676555524c223b733a35393a2268747470733a2f2f61766174617273332e67697468756275736572636f6e74656e742e636f6d2f752f33323330313430373f733d34363026763d34223b733a333a22646f62223b733a31303a22313939302d30332d3237223b733a393a226c6f676765645f696e223b623a313b7d);

-- --------------------------------------------------------

--
-- Table structure for table `Follows`
--

CREATE TABLE `Follows` (
  `followed_user` varchar(50) NOT NULL,
  `followed_by` varchar(50) NOT NULL
) ENGINE=InnoDB DEFAULT CHARSET=latin1;

--
-- Dumping data for table `Follows`
--

INSERT INTO `Follows` (`followed_user`, `followed_by`) VALUES
('gowthami12345', 'Isha_1234'),
('gowthami12345', 'Shai_2426'),
('Isha_1234', 'gowthami12345'),
('Isha_1234', 'Shai_2426');

-- --------------------------------------------------------

--
-- Table structure for table `Follow_details`
--
-- Error reading structure for table cw_1.Follow_details: #1932 - Table 'cw_1.Follow_details' doesn't exist in engine
-- Error reading data for table cw_1.Follow_details: #1064 - You have an error in your SQL syntax; check the manual that corresponds to your MariaDB server version for the right syntax to use near 'FROM `cw_1`.`Follow_details`' at line 1

-- --------------------------------------------------------

--
-- Table structure for table `Genre_Bridge`
--

CREATE TABLE `Genre_Bridge` (
  `username` varchar(50) NOT NULL,
  `genre_id` int(3) NOT NULL
) ENGINE=InnoDB DEFAULT CHARSET=latin1;

--
-- Dumping data for table `Genre_Bridge`
--

INSERT INTO `Genre_Bridge` (`username`, `genre_id`) VALUES
('Ganthi_24', 1),
('Ganthi_24', 3),
('Isha_1234', 2),
('Shai_2426', 1),
('Shai_2426', 4);

-- --------------------------------------------------------

--
-- Table structure for table `Genre_lists`
--

CREATE TABLE `Genre_lists` (
  `genre_id` int(2) NOT NULL,
  `name` varchar(50) NOT NULL
) ENGINE=InnoDB DEFAULT CHARSET=latin1;

--
-- Dumping data for table `Genre_lists`
--

INSERT INTO `Genre_lists` (`genre_id`, `name`) VALUES
(1, 'Melody'),
(2, 'Jazz'),
(3, 'Rock'),
(4, 'Techno');

-- --------------------------------------------------------

--
-- Table structure for table `Posts`
--

CREATE TABLE `Posts` (
  `postId` int(4) NOT NULL,
  `createdBy` varchar(50) NOT NULL,
  `description` text NOT NULL,
  `createdOn` date NOT NULL,
  `title` varchar(150) NOT NULL
) ENGINE=InnoDB DEFAULT CHARSET=latin1;

--
-- Dumping data for table `Posts`
--

INSERT INTO `Posts` (`postId`, `createdBy`, `description`, `createdOn`, `title`) VALUES
(1, 'Isha_1234', 'Hello Everyone Hope you are doing well.Text -check 1234', '2019-10-28', 'First'),
(2, 'Shairam_27', 'Shairam here is looking for good music. Test-2', '2019-10-28', 'Second Try'),
(3, 'Isha_1234', 'Isha\'s Second post is here. Hurray !!!!!!!. https://www.google.com/ and https://www.facebook.com/\r\n', '2019-10-28', 'New Hero'),
(4, 'Ganthi_24', 'My first Post Here!!!!!!', '2019-10-13', 'Testing Me !'),
(12, 'Isha_1234', ' Isha wants to become the greatest popstar ever', '2019-10-29', 'Isha is a Pop Star!!'),
(14, 'gowthami12345', '                 grterwe   ', '2019-10-30', 'wrg'),
(20, 'Shai_2426', 'Test this post                    ', '2019-10-31', 'Hello '),
(21, 'Shai_2426', 'Hello guys!!!!!!                    ', '2019-10-31', 'This is my first try'),
(22, 'Shai_2426', 'Check Order -to be first', '2019-11-05', 'Test Order'),
(23, 'gowthami12345', ' Check Thami\'s Second post!!!', '2019-10-31', 'Test Post'),
(24, 'gowthami12345', '  For Loading More Posts', '2019-11-01', 'Try This ');

-- --------------------------------------------------------

--
-- Table structure for table `Users`
--

CREATE TABLE `Users` (
  `username` varchar(50) NOT NULL,
  `pwd` varchar(255) NOT NULL,
  `firstname` varchar(20) DEFAULT NULL,
  `lastname` varchar(20) DEFAULT NULL,
  `dob` date DEFAULT NULL,
  `imageURL` varchar(255) DEFAULT NULL
) ENGINE=InnoDB DEFAULT CHARSET=latin1;

--
-- Dumping data for table `Users`
--

INSERT INTO `Users` (`username`, `pwd`, `firstname`, `lastname`, `dob`, `imageURL`) VALUES
('Ganthi_24', '$2y$10$NLuZvYpFU99rasBezNEtqOPbDdCosJ37IVk//Sjp1voIae0JohcJe', 'Ganthimathy ', 'Sritharan', '1990-03-27', 'https://ssl.gstatic.com/s2/profiles/images/silhouette200.png'),
('gowthami12345', '$2y$10$atVcYsjrzoyGkO9enZUyhejcSH6IGJ0DSXq9chLPcGqTAEQ4EGlHO', 'gowthami', 'rasanayagam', '1990-03-27', 'https://images.unsplash.com/photo-1499018658500-b21c72d7172b?ixlib=rb-1.2.1&ixid=eyJhcHBfaWQiOjEyMDd9&w=1000&q=80'),
('Isha_1234', '$2y$10$LqrNyEQz83/Cr9s9pNcKL.NWSSPyFHRbJAnqLTLBzn9e5VhHgbYqO', 'Isha', 'KBV', '1990-03-27', 'https://cdn.theatlantic.com/assets/media/img/mt/2017/10/Pict1_Ursinia_calendulifolia/lead_720_405.jpg?mod=1533691909'),
('Shairam_27', '$2y$10$2t7ZTF1sVzisnJ5Ff.V4sO7.qiHyqKAo43QTPT89.en2d07RXEG46', 'Shairam', 'Sritharan', '1990-03-27', 'https://avatars3.githubusercontent.com/u/32301407?s=460&v=4'),
('Shai_2426', '$2y$10$c8t2xptLIFHVeLeYuLY69.puXwswJhbi7/wnOzVoSV4CPoDHyW1SS', 'Shai', 'Ram', '1990-03-27', 'https://avatars3.githubusercontent.com/u/32301407?s=460&v=4');

--
-- Indexes for dumped tables
--

--
-- Indexes for table `ci_sessions`
--
ALTER TABLE `ci_sessions`
  ADD PRIMARY KEY (`id`),
  ADD KEY `ci_sessions_timestamp` (`timestamp`);

--
-- Indexes for table `Follows`
--
ALTER TABLE `Follows`
  ADD PRIMARY KEY (`followed_user`,`followed_by`),
  ADD KEY `followee` (`followed_by`);

--
-- Indexes for table `Genre_Bridge`
--
ALTER TABLE `Genre_Bridge`
  ADD PRIMARY KEY (`username`,`genre_id`),
  ADD KEY `genre_id` (`genre_id`);

--
-- Indexes for table `Genre_lists`
--
ALTER TABLE `Genre_lists`
  ADD PRIMARY KEY (`genre_id`);

--
-- Indexes for table `Posts`
--
ALTER TABLE `Posts`
  ADD PRIMARY KEY (`postId`),
  ADD KEY `createdBy` (`createdBy`);

--
-- Indexes for table `Users`
--
ALTER TABLE `Users`
  ADD PRIMARY KEY (`username`);

--
-- AUTO_INCREMENT for dumped tables
--

--
-- AUTO_INCREMENT for table `Genre_lists`
--
ALTER TABLE `Genre_lists`
  MODIFY `genre_id` int(2) NOT NULL AUTO_INCREMENT, AUTO_INCREMENT=5;

--
-- AUTO_INCREMENT for table `Posts`
--
ALTER TABLE `Posts`
  MODIFY `postId` int(4) NOT NULL AUTO_INCREMENT, AUTO_INCREMENT=25;

--
-- Constraints for dumped tables
--

--
-- Constraints for table `Follows`
--
ALTER TABLE `Follows`
  ADD CONSTRAINT `Follows_ibfk_1` FOREIGN KEY (`followed_user`) REFERENCES `Users` (`username`),
  ADD CONSTRAINT `Follows_ibfk_2` FOREIGN KEY (`followed_by`) REFERENCES `Users` (`username`);

--
-- Constraints for table `Genre_Bridge`
--
ALTER TABLE `Genre_Bridge`
  ADD CONSTRAINT `Genre_Bridge_ibfk_1` FOREIGN KEY (`username`) REFERENCES `Users` (`username`),
  ADD CONSTRAINT `Genre_Bridge_ibfk_2` FOREIGN KEY (`genre_id`) REFERENCES `Genre_lists` (`genre_id`);

--
-- Constraints for table `Posts`
--
ALTER TABLE `Posts`
  ADD CONSTRAINT `Posts_ibfk_1` FOREIGN KEY (`createdBy`) REFERENCES `Users` (`username`);
COMMIT;

/*!40101 SET CHARACTER_SET_CLIENT=@OLD_CHARACTER_SET_CLIENT */;
/*!40101 SET CHARACTER_SET_RESULTS=@OLD_CHARACTER_SET_RESULTS */;
/*!40101 SET COLLATION_CONNECTION=@OLD_COLLATION_CONNECTION */;
